--
-- PostgreSQL database dump
--

-- Dumped from database version 16.9
-- Dumped by pg_dump version 16.9

-- Started on 2025-08-08 13:24:43

SET statement_timeout = 0;
SET lock_timeout = 0;
SET idle_in_transaction_session_timeout = 0;
SET client_encoding = 'UTF8';
SET standard_conforming_strings = on;
SELECT pg_catalog.set_config('search_path', '', false);
SET check_function_bodies = false;
SET xmloption = content;
SET client_min_messages = warning;
SET row_security = off;

SET default_tablespace = '';

SET default_table_access_method = heap;

--
-- TOC entry 222 (class 1259 OID 24600)
-- Name: auth_group; Type: TABLE; Schema: public; Owner: postgres
--

CREATE TABLE public.auth_group (
    id integer NOT NULL,
    name character varying(150) NOT NULL
);


ALTER TABLE public.auth_group OWNER TO postgres;

--
-- TOC entry 221 (class 1259 OID 24599)
-- Name: auth_group_id_seq; Type: SEQUENCE; Schema: public; Owner: postgres
--

ALTER TABLE public.auth_group ALTER COLUMN id ADD GENERATED BY DEFAULT AS IDENTITY (
    SEQUENCE NAME public.auth_group_id_seq
    START WITH 1
    INCREMENT BY 1
    NO MINVALUE
    NO MAXVALUE
    CACHE 1
);


--
-- TOC entry 224 (class 1259 OID 24608)
-- Name: auth_group_permissions; Type: TABLE; Schema: public; Owner: postgres
--

CREATE TABLE public.auth_group_permissions (
    id bigint NOT NULL,
    group_id integer NOT NULL,
    permission_id integer NOT NULL
);


ALTER TABLE public.auth_group_permissions OWNER TO postgres;

--
-- TOC entry 223 (class 1259 OID 24607)
-- Name: auth_group_permissions_id_seq; Type: SEQUENCE; Schema: public; Owner: postgres
--

ALTER TABLE public.auth_group_permissions ALTER COLUMN id ADD GENERATED BY DEFAULT AS IDENTITY (
    SEQUENCE NAME public.auth_group_permissions_id_seq
    START WITH 1
    INCREMENT BY 1
    NO MINVALUE
    NO MAXVALUE
    CACHE 1
);


--
-- TOC entry 220 (class 1259 OID 24594)
-- Name: auth_permission; Type: TABLE; Schema: public; Owner: postgres
--

CREATE TABLE public.auth_permission (
    id integer NOT NULL,
    name character varying(255) NOT NULL,
    content_type_id integer NOT NULL,
    codename character varying(100) NOT NULL
);


ALTER TABLE public.auth_permission OWNER TO postgres;

--
-- TOC entry 219 (class 1259 OID 24593)
-- Name: auth_permission_id_seq; Type: SEQUENCE; Schema: public; Owner: postgres
--

ALTER TABLE public.auth_permission ALTER COLUMN id ADD GENERATED BY DEFAULT AS IDENTITY (
    SEQUENCE NAME public.auth_permission_id_seq
    START WITH 1
    INCREMENT BY 1
    NO MINVALUE
    NO MAXVALUE
    CACHE 1
);


--
-- TOC entry 226 (class 1259 OID 24614)
-- Name: auth_user; Type: TABLE; Schema: public; Owner: postgres
--

CREATE TABLE public.auth_user (
    id integer NOT NULL,
    password character varying(128) NOT NULL,
    last_login timestamp with time zone,
    is_superuser boolean NOT NULL,
    username character varying(150) NOT NULL,
    first_name character varying(150) NOT NULL,
    last_name character varying(150) NOT NULL,
    email character varying(254) NOT NULL,
    is_staff boolean NOT NULL,
    is_active boolean NOT NULL,
    date_joined timestamp with time zone NOT NULL
);


ALTER TABLE public.auth_user OWNER TO postgres;

--
-- TOC entry 228 (class 1259 OID 24622)
-- Name: auth_user_groups; Type: TABLE; Schema: public; Owner: postgres
--

CREATE TABLE public.auth_user_groups (
    id bigint NOT NULL,
    user_id integer NOT NULL,
    group_id integer NOT NULL
);


ALTER TABLE public.auth_user_groups OWNER TO postgres;

--
-- TOC entry 227 (class 1259 OID 24621)
-- Name: auth_user_groups_id_seq; Type: SEQUENCE; Schema: public; Owner: postgres
--

ALTER TABLE public.auth_user_groups ALTER COLUMN id ADD GENERATED BY DEFAULT AS IDENTITY (
    SEQUENCE NAME public.auth_user_groups_id_seq
    START WITH 1
    INCREMENT BY 1
    NO MINVALUE
    NO MAXVALUE
    CACHE 1
);


--
-- TOC entry 225 (class 1259 OID 24613)
-- Name: auth_user_id_seq; Type: SEQUENCE; Schema: public; Owner: postgres
--

ALTER TABLE public.auth_user ALTER COLUMN id ADD GENERATED BY DEFAULT AS IDENTITY (
    SEQUENCE NAME public.auth_user_id_seq
    START WITH 1
    INCREMENT BY 1
    NO MINVALUE
    NO MAXVALUE
    CACHE 1
);


--
-- TOC entry 230 (class 1259 OID 24628)
-- Name: auth_user_user_permissions; Type: TABLE; Schema: public; Owner: postgres
--

CREATE TABLE public.auth_user_user_permissions (
    id bigint NOT NULL,
    user_id integer NOT NULL,
    permission_id integer NOT NULL
);


ALTER TABLE public.auth_user_user_permissions OWNER TO postgres;

--
-- TOC entry 229 (class 1259 OID 24627)
-- Name: auth_user_user_permissions_id_seq; Type: SEQUENCE; Schema: public; Owner: postgres
--

ALTER TABLE public.auth_user_user_permissions ALTER COLUMN id ADD GENERATED BY DEFAULT AS IDENTITY (
    SEQUENCE NAME public.auth_user_user_permissions_id_seq
    START WITH 1
    INCREMENT BY 1
    NO MINVALUE
    NO MAXVALUE
    CACHE 1
);


--
-- TOC entry 239 (class 1259 OID 24747)
-- Name: bibliotheque_categorie; Type: TABLE; Schema: public; Owner: postgres
--

CREATE TABLE public.bibliotheque_categorie (
    id bigint NOT NULL,
    nom character varying(100) NOT NULL,
    image character varying(100)
);


ALTER TABLE public.bibliotheque_categorie OWNER TO postgres;

--
-- TOC entry 238 (class 1259 OID 24746)
-- Name: bibliotheque_categorie_id_seq; Type: SEQUENCE; Schema: public; Owner: postgres
--

ALTER TABLE public.bibliotheque_categorie ALTER COLUMN id ADD GENERATED BY DEFAULT AS IDENTITY (
    SEQUENCE NAME public.bibliotheque_categorie_id_seq
    START WITH 1
    INCREMENT BY 1
    NO MINVALUE
    NO MAXVALUE
    CACHE 1
);


--
-- TOC entry 241 (class 1259 OID 24753)
-- Name: bibliotheque_livre; Type: TABLE; Schema: public; Owner: postgres
--

CREATE TABLE public.bibliotheque_livre (
    id bigint NOT NULL,
    titre character varying(200) NOT NULL,
    auteur character varying(100) NOT NULL,
    description text NOT NULL,
    image character varying(100),
    numero_inventaire character varying(50) NOT NULL,
    ancien_code character varying(50),
    date_publication date NOT NULL,
    created_at timestamp with time zone NOT NULL,
    updated_at timestamp with time zone NOT NULL,
    categorie_id bigint
);


ALTER TABLE public.bibliotheque_livre OWNER TO postgres;

--
-- TOC entry 240 (class 1259 OID 24752)
-- Name: bibliotheque_livre_id_seq; Type: SEQUENCE; Schema: public; Owner: postgres
--

ALTER TABLE public.bibliotheque_livre ALTER COLUMN id ADD GENERATED BY DEFAULT AS IDENTITY (
    SEQUENCE NAME public.bibliotheque_livre_id_seq
    START WITH 1
    INCREMENT BY 1
    NO MINVALUE
    NO MAXVALUE
    CACHE 1
);


--
-- TOC entry 235 (class 1259 OID 24724)
-- Name: bibliothèque_categorie; Type: TABLE; Schema: public; Owner: postgres
--

CREATE TABLE public."bibliothèque_categorie" (
    id bigint NOT NULL,
    nom character varying(100) NOT NULL,
    image character varying(100)
);


ALTER TABLE public."bibliothèque_categorie" OWNER TO postgres;

--
-- TOC entry 234 (class 1259 OID 24723)
-- Name: bibliothèque_categorie_id_seq; Type: SEQUENCE; Schema: public; Owner: postgres
--

ALTER TABLE public."bibliothèque_categorie" ALTER COLUMN id ADD GENERATED BY DEFAULT AS IDENTITY (
    SEQUENCE NAME public."bibliothèque_categorie_id_seq"
    START WITH 1
    INCREMENT BY 1
    NO MINVALUE
    NO MAXVALUE
    CACHE 1
);


--
-- TOC entry 237 (class 1259 OID 24730)
-- Name: bibliothèque_livre; Type: TABLE; Schema: public; Owner: postgres
--

CREATE TABLE public."bibliothèque_livre" (
    id bigint NOT NULL,
    titre character varying(200) NOT NULL,
    auteur character varying(100) NOT NULL,
    description text NOT NULL,
    image character varying(100) NOT NULL,
    numero_inventaire character varying(50) NOT NULL,
    ancien_code character varying(50),
    date_publication date NOT NULL,
    created_at timestamp with time zone NOT NULL,
    updated_at timestamp with time zone NOT NULL,
    categorie_id bigint
);


ALTER TABLE public."bibliothèque_livre" OWNER TO postgres;

--
-- TOC entry 236 (class 1259 OID 24729)
-- Name: bibliothèque_livre_id_seq; Type: SEQUENCE; Schema: public; Owner: postgres
--

ALTER TABLE public."bibliothèque_livre" ALTER COLUMN id ADD GENERATED BY DEFAULT AS IDENTITY (
    SEQUENCE NAME public."bibliothèque_livre_id_seq"
    START WITH 1
    INCREMENT BY 1
    NO MINVALUE
    NO MAXVALUE
    CACHE 1
);


--
-- TOC entry 249 (class 1259 OID 24793)
-- Name: comptes_profilbibliotheque; Type: TABLE; Schema: public; Owner: postgres
--

CREATE TABLE public.comptes_profilbibliotheque (
    id bigint NOT NULL,
    profession character varying(100),
    institution character varying(100),
    adresse text,
    utilisateur_id integer NOT NULL,
    photo character varying(100),
    secteur_activite character varying(100),
    telephone character varying(20),
    type_utilisateur character varying(20) NOT NULL
);


ALTER TABLE public.comptes_profilbibliotheque OWNER TO postgres;

--
-- TOC entry 248 (class 1259 OID 24792)
-- Name: comptes_profilbibliotheque_id_seq; Type: SEQUENCE; Schema: public; Owner: postgres
--

ALTER TABLE public.comptes_profilbibliotheque ALTER COLUMN id ADD GENERATED BY DEFAULT AS IDENTITY (
    SEQUENCE NAME public.comptes_profilbibliotheque_id_seq
    START WITH 1
    INCREMENT BY 1
    NO MINVALUE
    NO MAXVALUE
    CACHE 1
);


--
-- TOC entry 243 (class 1259 OID 24771)
-- Name: comptes_usager; Type: TABLE; Schema: public; Owner: postgres
--

CREATE TABLE public.comptes_usager (
    id bigint NOT NULL,
    password character varying(128) NOT NULL,
    last_login timestamp with time zone,
    is_superuser boolean NOT NULL,
    username character varying(150) NOT NULL,
    first_name character varying(150) NOT NULL,
    last_name character varying(150) NOT NULL,
    email character varying(254) NOT NULL,
    is_staff boolean NOT NULL,
    is_active boolean NOT NULL,
    date_joined timestamp with time zone NOT NULL,
    is_internal boolean NOT NULL,
    is_external boolean NOT NULL,
    is_company_member boolean NOT NULL
);


ALTER TABLE public.comptes_usager OWNER TO postgres;

--
-- TOC entry 245 (class 1259 OID 24781)
-- Name: comptes_usager_groups; Type: TABLE; Schema: public; Owner: postgres
--

CREATE TABLE public.comptes_usager_groups (
    id bigint NOT NULL,
    usager_id bigint NOT NULL,
    group_id integer NOT NULL
);


ALTER TABLE public.comptes_usager_groups OWNER TO postgres;

--
-- TOC entry 244 (class 1259 OID 24780)
-- Name: comptes_usager_groups_id_seq; Type: SEQUENCE; Schema: public; Owner: postgres
--

ALTER TABLE public.comptes_usager_groups ALTER COLUMN id ADD GENERATED BY DEFAULT AS IDENTITY (
    SEQUENCE NAME public.comptes_usager_groups_id_seq
    START WITH 1
    INCREMENT BY 1
    NO MINVALUE
    NO MAXVALUE
    CACHE 1
);


--
-- TOC entry 242 (class 1259 OID 24770)
-- Name: comptes_usager_id_seq; Type: SEQUENCE; Schema: public; Owner: postgres
--

ALTER TABLE public.comptes_usager ALTER COLUMN id ADD GENERATED BY DEFAULT AS IDENTITY (
    SEQUENCE NAME public.comptes_usager_id_seq
    START WITH 1
    INCREMENT BY 1
    NO MINVALUE
    NO MAXVALUE
    CACHE 1
);


--
-- TOC entry 247 (class 1259 OID 24787)
-- Name: comptes_usager_user_permissions; Type: TABLE; Schema: public; Owner: postgres
--

CREATE TABLE public.comptes_usager_user_permissions (
    id bigint NOT NULL,
    usager_id bigint NOT NULL,
    permission_id integer NOT NULL
);


ALTER TABLE public.comptes_usager_user_permissions OWNER TO postgres;

--
-- TOC entry 246 (class 1259 OID 24786)
-- Name: comptes_usager_user_permissions_id_seq; Type: SEQUENCE; Schema: public; Owner: postgres
--

ALTER TABLE public.comptes_usager_user_permissions ALTER COLUMN id ADD GENERATED BY DEFAULT AS IDENTITY (
    SEQUENCE NAME public.comptes_usager_user_permissions_id_seq
    START WITH 1
    INCREMENT BY 1
    NO MINVALUE
    NO MAXVALUE
    CACHE 1
);


--
-- TOC entry 232 (class 1259 OID 24686)
-- Name: django_admin_log; Type: TABLE; Schema: public; Owner: postgres
--

CREATE TABLE public.django_admin_log (
    id integer NOT NULL,
    action_time timestamp with time zone NOT NULL,
    object_id text,
    object_repr character varying(200) NOT NULL,
    action_flag smallint NOT NULL,
    change_message text NOT NULL,
    content_type_id integer,
    user_id integer NOT NULL,
    CONSTRAINT django_admin_log_action_flag_check CHECK ((action_flag >= 0))
);


ALTER TABLE public.django_admin_log OWNER TO postgres;

--
-- TOC entry 231 (class 1259 OID 24685)
-- Name: django_admin_log_id_seq; Type: SEQUENCE; Schema: public; Owner: postgres
--

ALTER TABLE public.django_admin_log ALTER COLUMN id ADD GENERATED BY DEFAULT AS IDENTITY (
    SEQUENCE NAME public.django_admin_log_id_seq
    START WITH 1
    INCREMENT BY 1
    NO MINVALUE
    NO MAXVALUE
    CACHE 1
);


--
-- TOC entry 218 (class 1259 OID 24586)
-- Name: django_content_type; Type: TABLE; Schema: public; Owner: postgres
--

CREATE TABLE public.django_content_type (
    id integer NOT NULL,
    app_label character varying(100) NOT NULL,
    model character varying(100) NOT NULL
);


ALTER TABLE public.django_content_type OWNER TO postgres;

--
-- TOC entry 217 (class 1259 OID 24585)
-- Name: django_content_type_id_seq; Type: SEQUENCE; Schema: public; Owner: postgres
--

ALTER TABLE public.django_content_type ALTER COLUMN id ADD GENERATED BY DEFAULT AS IDENTITY (
    SEQUENCE NAME public.django_content_type_id_seq
    START WITH 1
    INCREMENT BY 1
    NO MINVALUE
    NO MAXVALUE
    CACHE 1
);


--
-- TOC entry 216 (class 1259 OID 24578)
-- Name: django_migrations; Type: TABLE; Schema: public; Owner: postgres
--

CREATE TABLE public.django_migrations (
    id bigint NOT NULL,
    app character varying(255) NOT NULL,
    name character varying(255) NOT NULL,
    applied timestamp with time zone NOT NULL
);


ALTER TABLE public.django_migrations OWNER TO postgres;

--
-- TOC entry 215 (class 1259 OID 24577)
-- Name: django_migrations_id_seq; Type: SEQUENCE; Schema: public; Owner: postgres
--

ALTER TABLE public.django_migrations ALTER COLUMN id ADD GENERATED BY DEFAULT AS IDENTITY (
    SEQUENCE NAME public.django_migrations_id_seq
    START WITH 1
    INCREMENT BY 1
    NO MINVALUE
    NO MAXVALUE
    CACHE 1
);


--
-- TOC entry 233 (class 1259 OID 24714)
-- Name: django_session; Type: TABLE; Schema: public; Owner: postgres
--

CREATE TABLE public.django_session (
    session_key character varying(40) NOT NULL,
    session_data text NOT NULL,
    expire_date timestamp with time zone NOT NULL
);


ALTER TABLE public.django_session OWNER TO postgres;

--
-- TOC entry 5070 (class 0 OID 24600)
-- Dependencies: 222
-- Data for Name: auth_group; Type: TABLE DATA; Schema: public; Owner: postgres
--

COPY public.auth_group (id, name) FROM stdin;
\.


--
-- TOC entry 5072 (class 0 OID 24608)
-- Dependencies: 224
-- Data for Name: auth_group_permissions; Type: TABLE DATA; Schema: public; Owner: postgres
--

COPY public.auth_group_permissions (id, group_id, permission_id) FROM stdin;
\.


--
-- TOC entry 5068 (class 0 OID 24594)
-- Dependencies: 220
-- Data for Name: auth_permission; Type: TABLE DATA; Schema: public; Owner: postgres
--

COPY public.auth_permission (id, name, content_type_id, codename) FROM stdin;
1	Can add log entry	1	add_logentry
2	Can change log entry	1	change_logentry
3	Can delete log entry	1	delete_logentry
4	Can view log entry	1	view_logentry
5	Can add permission	2	add_permission
6	Can change permission	2	change_permission
7	Can delete permission	2	delete_permission
8	Can view permission	2	view_permission
9	Can add group	3	add_group
10	Can change group	3	change_group
11	Can delete group	3	delete_group
12	Can view group	3	view_group
13	Can add user	4	add_user
14	Can change user	4	change_user
15	Can delete user	4	delete_user
16	Can view user	4	view_user
17	Can add content type	5	add_contenttype
18	Can change content type	5	change_contenttype
19	Can delete content type	5	delete_contenttype
20	Can view content type	5	view_contenttype
21	Can add session	6	add_session
22	Can change session	6	change_session
23	Can delete session	6	delete_session
24	Can view session	6	view_session
25	Can add categorie	7	add_categorie
26	Can change categorie	7	change_categorie
27	Can delete categorie	7	delete_categorie
28	Can view categorie	7	view_categorie
29	Can add livre	8	add_livre
30	Can change livre	8	change_livre
31	Can delete livre	8	delete_livre
32	Can view livre	8	view_livre
33	Can add categorie	9	add_categorie
34	Can change categorie	9	change_categorie
35	Can delete categorie	9	delete_categorie
36	Can view categorie	9	view_categorie
37	Can add livre	10	add_livre
38	Can change livre	10	change_livre
39	Can delete livre	10	delete_livre
40	Can view livre	10	view_livre
41	Can add user	11	add_usager
42	Can change user	11	change_usager
43	Can delete user	11	delete_usager
44	Can view user	11	view_usager
45	Can add profil bibliotheque	12	add_profilbibliotheque
46	Can change profil bibliotheque	12	change_profilbibliotheque
47	Can delete profil bibliotheque	12	delete_profilbibliotheque
48	Can view profil bibliotheque	12	view_profilbibliotheque
\.


--
-- TOC entry 5074 (class 0 OID 24614)
-- Dependencies: 226
-- Data for Name: auth_user; Type: TABLE DATA; Schema: public; Owner: postgres
--

COPY public.auth_user (id, password, last_login, is_superuser, username, first_name, last_name, email, is_staff, is_active, date_joined) FROM stdin;
2	pbkdf2_sha256$1000000$G2Vg9LlKEsKefktSrkkil1$8EzYy3/M3tC7CwbyjxxvnKaDn3H04BqmI+l6Tn69y3I=	2025-08-03 18:43:23.19352+01	f	jeanbabo@example.com	jocelyne	KOUACOU	jeanbabo@example.com	f	t	2025-08-03 18:43:21.672341+01
3	pbkdf2_sha256$1000000$eDAbjhigVB6Z8MiRGUNkkf$PwkLBLqKR7gT5XO38gedpQiGmawwxqhHa/25jJvulGQ=	2025-08-03 18:57:54.227712+01	f	boka@gmail.com	Arthur	Boka	boka@gmail.com	f	t	2025-08-03 18:57:52.585727+01
4	pbkdf2_sha256$1000000$euxSGFHUKUJexzBm0h1u1o$kCJs5Xb2VtDhjSv5pDUGeLYf7NZQBbqflzjvXR2PjNw=	2025-08-03 19:01:48.321669+01	f	didier@gmail.com	Didier	DROGBA	didier@gmail.com	f	t	2025-08-03 19:01:46.764687+01
7	pbkdf2_sha256$1000000$gULZCzqH5mpLFb5nXOV0oF$wHMbEK58o7FzQTrMVOy2zttgrFF22786n7DjU3uyXTc=	2025-08-04 11:12:35.904279+01	f	jean@gmail.com	Jean	Kalou	jean@gmail.com	f	t	2025-08-04 11:12:34.301218+01
8	pbkdf2_sha256$1000000$5MXVtRHgf0BSqiT7MGtDJU$3YACp7Bwpjzo8oTNMalPrGElYTggb25z/2Lrk3Ofxyw=	2025-08-04 11:47:55.592911+01	f	amon@gmail.com	Emmanuel	Amon 	amon@gmail.com	f	t	2025-08-04 11:47:54.111585+01
9	pbkdf2_sha256$1000000$1XUhRdbURQfRl3vCKeVapN$c8HTGld7aWx+BlxdKkmgFCwocr4Qehi/Frny7zhkEHU=	2025-08-04 12:12:55.467406+01	f	bonigr@yahoo.fr	Grace	Boni	bonigr@yahoo.fr	f	t	2025-08-04 12:12:53.870836+01
1	pbkdf2_sha256$1000000$tFBEmKDu1n3IANSm8RKxMc$Afv+KCdYfhw0oHkHtorn1/5C1nOWGNEIC020G64bK6Q=	2025-08-05 12:39:55.054621+01	t	admin			admin@gmail.com	t	t	2025-07-23 01:46:10.247695+01
10	pbkdf2_sha256$1000000$iqwi2q8kW2aPZ2GMAgdn3k$mihUZZlULLgSmfDO+Tfa79f6j7Bzoug7VeKQc+6muC4=	2025-08-07 14:26:41.65549+01	f	Alainob@yahoo.fr	Alain	Obin	Alainob@yahoo.fr	f	t	2025-08-04 12:25:56.312429+01
\.


--
-- TOC entry 5076 (class 0 OID 24622)
-- Dependencies: 228
-- Data for Name: auth_user_groups; Type: TABLE DATA; Schema: public; Owner: postgres
--

COPY public.auth_user_groups (id, user_id, group_id) FROM stdin;
\.


--
-- TOC entry 5078 (class 0 OID 24628)
-- Dependencies: 230
-- Data for Name: auth_user_user_permissions; Type: TABLE DATA; Schema: public; Owner: postgres
--

COPY public.auth_user_user_permissions (id, user_id, permission_id) FROM stdin;
\.


--
-- TOC entry 5087 (class 0 OID 24747)
-- Dependencies: 239
-- Data for Name: bibliotheque_categorie; Type: TABLE DATA; Schema: public; Owner: postgres
--

COPY public.bibliotheque_categorie (id, nom, image) FROM stdin;
1	Histoire	categorie_images/categorie_histoire.jpg
2	Droit	categorie_images/Catégorie_droit.jpg
3	Economie	categorie_images/Catégorie_économie.jpg
\.


--
-- TOC entry 5089 (class 0 OID 24753)
-- Dependencies: 241
-- Data for Name: bibliotheque_livre; Type: TABLE DATA; Schema: public; Owner: postgres
--

COPY public.bibliotheque_livre (id, titre, auteur, description, image, numero_inventaire, ancien_code, date_publication, created_at, updated_at, categorie_id) FROM stdin;
1	histoire de France illustrée depuis les origines jusqu'à la révolution	Ernest Lavisse	Les relations entre la France et le Maroc	livres/Maroc_francejpg.jpg	0004	BI33	2025-07-31	2025-07-30 00:29:21.422321+01	2025-07-30 00:29:21.422332+01	1
2	Neuf ans à Madagascar	Général Gallieni	l'histoire du commerce à Madagascar	livres/Expérience_madagascar.jpg	0005	BI34	1916-03-23	2025-07-30 00:29:21.425309+01	2025-07-30 00:29:21.425318+01	1
3	L'Algérie en mission au Niger	Eugène Cruck	Les relations entre l'Algérie et le Niger	livres/lalgérie_au_niger.jpg	0006	BI35	2025-07-15	2025-07-30 00:29:21.427815+01	2025-07-30 00:29:21.427828+01	1
4	L'organisation régionale du Maroc	Frédéric Brémard	L'évolution des droits de l'homme au Maroc	livres/régions_maroc.jpg	0363	BI44	1912-12-13	2025-07-30 00:42:16.398481+01	2025-07-30 00:42:16.398499+01	2
5	L'homme et l'Etat	Jacques Maritin	L'évolution des droits de l'homme au Maroc	livres/lhomme_et_letat.jpg	0364	BI45	2005-09-02	2025-07-30 00:42:16.401602+01	2025-07-30 00:42:16.401609+01	2
6	Gardons l'Afrique	Emile Bemile	La place du Maroc en Afrique	livres/Gardons_lAfrique.jpg	0365	BI46	1996-10-01	2025-07-30 00:42:16.403398+01	2025-07-30 00:42:16.403405+01	2
7	Economie du prix	Rennethe	Développement économique	livres/economie_du_prix.jpg	1070	CII41	2025-04-15	2025-07-30 00:47:35.913112+01	2025-07-30 02:08:22.394801+01	3
\.


--
-- TOC entry 5083 (class 0 OID 24724)
-- Dependencies: 235
-- Data for Name: bibliothèque_categorie; Type: TABLE DATA; Schema: public; Owner: postgres
--

COPY public."bibliothèque_categorie" (id, nom, image) FROM stdin;
4	Catégorie 4	categorie_images/gestion_commerciale.webp
3	Catégorie 3	categorie_images/droit_0ux5ST2.jpg
2	Catégorie 2	categorie_images/Economie.webp
1	Catégorie 1	categorie_images/OIP_3.webp
5	Categorie N° #5	http://default
6	Categorie N° #6	http://default
7	Categorie N° #7	http://default
8	Categorie N° #8	http://default
9	Categorie N° #9	http://default
10	Categorie N° #10	http://default
11	Categorie N° #11	http://default
12	Categorie N° #12	http://default
13	Categorie N° #13	http://default
14	Categorie N° #14	http://default
\.


--
-- TOC entry 5085 (class 0 OID 24730)
-- Dependencies: 237
-- Data for Name: bibliothèque_livre; Type: TABLE DATA; Schema: public; Owner: postgres
--

COPY public."bibliothèque_livre" (id, titre, auteur, description, image, numero_inventaire, ancien_code, date_publication, created_at, updated_at, categorie_id) FROM stdin;
10	Livre 1.	Ernest Loen	Ce livre est une formation en économie et en commerce	livres/Gestion_9ilUsJn.jpg	1979	CIII132	2025-07-31	2025-07-23 13:57:02.641499+01	2025-07-25 13:57:55.32239+01	4
7	Livre A	Chambre de commerce et d'industrie	Bulletin de la chambre de commerce	livres/Bulletin_CCIS.webp	955	AI117	2025-07-01	2025-07-23 12:50:56.801826+01	2025-07-25 13:59:00.17543+01	3
8	Livre B	Faculté de droit alger	Revue de législation	livres/Législation.png	956	AI118	2005-09-02	2025-07-23 12:50:56.805834+01	2025-07-25 13:59:00.178073+01	3
9	Livre C	Andrienne Sachet	Traite théorique et pratique de législation	livres/Traite_législation.jpg	957	AI119	2025-07-22	2025-07-23 12:50:56.808027+01	2025-07-25 13:59:00.179874+01	3
4	Livre I	André Pierre	Ce livre retrace l'évolution de l'économie Allemande	livres/Economie_Allemande_XAMgjWM.webp	1035	CII109	2025-04-15	2025-07-23 12:34:29.311342+01	2025-07-25 14:00:38.197334+01	2
5	Livre II	Jean Claude	Ce livre retrace l'évolution de la monnaie au Maroc	livres/La_monnaie_au_Maroc_8T4xR83.webp	1036	CII110	2000-10-09	2025-07-23 12:34:29.318803+01	2025-07-25 14:00:38.199514+01	2
6	Livre III	Robert Mosse	Ce livre fait une analyse sur les salaires au Maroc	livres/Les_salaires_ihWJJrH.webp	1037	CII111	1996-10-01	2025-07-23 12:34:29.323825+01	2025-07-25 14:00:38.20105+01	2
1	Livre 1	Ernest Lavisse	Ce livre retrace l'histoire du commerce au Maroc	livres/R.png	0001	BI 55	1912-12-13	2025-07-23 12:16:32.393032+01	2025-07-25 14:01:33.213648+01	1
2	Livre 2	Général Gallieni	Ce livre retrace l'histoire de Madagascar	livres/madagascar.jpg	0002	BI 56	1916-03-23	2025-07-23 12:16:32.406408+01	2025-07-25 14:01:33.215882+01	1
3	Livre 3	Franco Marocaine	Ce livre retrace l'époque coloniale au Maghreb	livres/Histoire-de-l-algerie-et-ses-parlementaires-1848-1962.jpg	0003	BI 57	2025-07-15	2025-07-23 12:16:32.412052+01	2025-07-25 14:01:33.217364+01	1
\.


--
-- TOC entry 5097 (class 0 OID 24793)
-- Dependencies: 249
-- Data for Name: comptes_profilbibliotheque; Type: TABLE DATA; Schema: public; Owner: postgres
--

COPY public.comptes_profilbibliotheque (id, profession, institution, adresse, utilisateur_id, photo, secteur_activite, telephone, type_utilisateur) FROM stdin;
2	Etudiant	EIGSI	Bayt al maarifa	4		Ingénierie	01 02 03 04 05	etudiant
3	Entrepreneur	NASA	Casablanca 2000 bd Mohamed V	7	photos_usagers/OIP_2.webp	Tourisme	01 21 31 41 51	professionnel
4	Etudiant	EIGSI	Casablanca 20000 bd Mohamed V	8	photos_usagers/Association-Geneses-accompagnement-jeunes-adultes-projet-de-vie-Geneses-a_p7GaWVX.jpg	Informatique	01 02 03 04 06	etudiant
6	Etudiante	UCAO	Casablanca 20000, Bayt al maarifa	9	photos_usagers/Screenshot_20241126_041923_Instagram.jpg_1.jpg	Informatique	01 02 03 04 04	etudiant
7	Etudiant	EMSI	Casablanca 20000	10	photos_usagers/Screenshot_20241126_041806_Instagram.jpg	Commerce	01 05 03 04 04	etudiant
\.


--
-- TOC entry 5091 (class 0 OID 24771)
-- Dependencies: 243
-- Data for Name: comptes_usager; Type: TABLE DATA; Schema: public; Owner: postgres
--

COPY public.comptes_usager (id, password, last_login, is_superuser, username, first_name, last_name, email, is_staff, is_active, date_joined, is_internal, is_external, is_company_member) FROM stdin;
\.


--
-- TOC entry 5093 (class 0 OID 24781)
-- Dependencies: 245
-- Data for Name: comptes_usager_groups; Type: TABLE DATA; Schema: public; Owner: postgres
--

COPY public.comptes_usager_groups (id, usager_id, group_id) FROM stdin;
\.


--
-- TOC entry 5095 (class 0 OID 24787)
-- Dependencies: 247
-- Data for Name: comptes_usager_user_permissions; Type: TABLE DATA; Schema: public; Owner: postgres
--

COPY public.comptes_usager_user_permissions (id, usager_id, permission_id) FROM stdin;
\.


--
-- TOC entry 5080 (class 0 OID 24686)
-- Dependencies: 232
-- Data for Name: django_admin_log; Type: TABLE DATA; Schema: public; Owner: postgres
--

COPY public.django_admin_log (id, action_time, object_id, object_repr, action_flag, change_message, content_type_id, user_id) FROM stdin;
1	2025-07-23 12:16:32.416092+01	1	Catégorie 1	1	[{"added": {}}, {"added": {"name": "livre", "object": "Livre 1"}}, {"added": {"name": "livre", "object": "Livre 2"}}, {"added": {"name": "livre", "object": "Livre 3"}}]	7	1
2	2025-07-23 12:34:29.327759+01	2	Economie	1	[{"added": {}}, {"added": {"name": "livre", "object": "Livre I"}}, {"added": {"name": "livre", "object": "Livre II"}}, {"added": {"name": "livre", "object": "Livre III"}}]	7	1
3	2025-07-23 12:34:49.840183+01	2	Catégorie 2	2	[{"changed": {"fields": ["Nom"]}}]	7	1
4	2025-07-23 12:50:56.808874+01	3	Catégorie 3	1	[{"added": {}}, {"added": {"name": "livre", "object": "Livre A"}}, {"added": {"name": "livre", "object": "Livre B"}}, {"added": {"name": "livre", "object": "Livre C"}}]	7	1
5	2025-07-23 13:57:02.644166+01	4	Catégorie 4	1	[{"added": {}}, {"added": {"name": "livre", "object": "Livre 1."}}]	7	1
6	2025-07-24 11:02:22.328071+01	3	Catégorie 3	2	[{"changed": {"fields": ["Image"]}}]	7	1
7	2025-07-24 11:02:58.366497+01	3	Catégorie 3	2	[{"changed": {"fields": ["Image"]}}]	7	1
8	2025-07-24 11:03:22.759073+01	2	Catégorie 2	2	[{"changed": {"fields": ["Image"]}}]	7	1
9	2025-07-24 11:03:43.181477+01	1	Catégorie 1	2	[{"changed": {"fields": ["Image"]}}]	7	1
10	2025-07-25 13:57:55.323853+01	4	Catégorie 4	2	[{"changed": {"name": "livre", "object": "Livre 1.", "fields": ["Image"]}}]	7	1
11	2025-07-25 13:59:00.180782+01	3	Catégorie 3	2	[{"changed": {"name": "livre", "object": "Livre A", "fields": ["Image"]}}, {"changed": {"name": "livre", "object": "Livre B", "fields": ["Image"]}}, {"changed": {"name": "livre", "object": "Livre C", "fields": ["Image"]}}]	7	1
12	2025-07-25 13:59:49.931314+01	2	Catégorie 2	2	[{"changed": {"name": "livre", "object": "Livre I", "fields": ["Image"]}}, {"changed": {"name": "livre", "object": "Livre II", "fields": ["Image"]}}, {"changed": {"name": "livre", "object": "Livre III", "fields": ["Image"]}}]	7	1
13	2025-07-25 14:00:38.201778+01	2	Catégorie 2	2	[{"changed": {"name": "livre", "object": "Livre I", "fields": ["Image"]}}, {"changed": {"name": "livre", "object": "Livre II", "fields": ["Image"]}}, {"changed": {"name": "livre", "object": "Livre III", "fields": ["Image"]}}]	7	1
14	2025-07-25 14:01:33.218042+01	1	Catégorie 1	2	[{"changed": {"name": "livre", "object": "Livre 1", "fields": ["Image"]}}, {"changed": {"name": "livre", "object": "Livre 2", "fields": ["Image"]}}, {"changed": {"name": "livre", "object": "Livre 3", "fields": ["Image"]}}]	7	1
15	2025-07-30 00:29:21.429787+01	1	Histoire	1	[{"added": {}}, {"added": {"name": "livre", "object": "histoire de France illustr\\u00e9e depuis les origines jusqu'\\u00e0 la r\\u00e9volution"}}, {"added": {"name": "livre", "object": "Neuf ans \\u00e0 Madagascar"}}, {"added": {"name": "livre", "object": "L'Alg\\u00e9rie en mission au Niger"}}]	9	1
16	2025-07-30 00:42:16.404492+01	2	Droit	1	[{"added": {}}, {"added": {"name": "livre", "object": "L'organisation r\\u00e9gionale du Maroc"}}, {"added": {"name": "livre", "object": "L'homme et l'Etat"}}, {"added": {"name": "livre", "object": "Gardons l'Afrique"}}]	9	1
17	2025-07-30 00:47:35.914562+01	3	Economie	1	[{"added": {}}, {"added": {"name": "livre", "object": "Economie du prix"}}]	9	1
18	2025-07-30 02:08:22.417418+01	7	Economie du prix	2	[]	10	1
\.


--
-- TOC entry 5066 (class 0 OID 24586)
-- Dependencies: 218
-- Data for Name: django_content_type; Type: TABLE DATA; Schema: public; Owner: postgres
--

COPY public.django_content_type (id, app_label, model) FROM stdin;
1	admin	logentry
2	auth	permission
3	auth	group
4	auth	user
5	contenttypes	contenttype
6	sessions	session
7	bibliothèque	categorie
8	bibliothèque	livre
9	bibliotheque	categorie
10	bibliotheque	livre
11	comptes	usager
12	comptes	profilbibliotheque
\.


--
-- TOC entry 5064 (class 0 OID 24578)
-- Dependencies: 216
-- Data for Name: django_migrations; Type: TABLE DATA; Schema: public; Owner: postgres
--

COPY public.django_migrations (id, app, name, applied) FROM stdin;
1	contenttypes	0001_initial	2025-07-23 01:34:31.987665+01
2	auth	0001_initial	2025-07-23 01:34:32.083944+01
3	admin	0001_initial	2025-07-23 01:34:32.109892+01
4	admin	0002_logentry_remove_auto_add	2025-07-23 01:34:32.115197+01
5	admin	0003_logentry_add_action_flag_choices	2025-07-23 01:34:32.120142+01
6	contenttypes	0002_remove_content_type_name	2025-07-23 01:34:32.133037+01
7	auth	0002_alter_permission_name_max_length	2025-07-23 01:34:32.140889+01
8	auth	0003_alter_user_email_max_length	2025-07-23 01:34:32.147865+01
9	auth	0004_alter_user_username_opts	2025-07-23 01:34:32.152786+01
10	auth	0005_alter_user_last_login_null	2025-07-23 01:34:32.160889+01
11	auth	0006_require_contenttypes_0002	2025-07-23 01:34:32.162308+01
12	auth	0007_alter_validators_add_error_messages	2025-07-23 01:34:32.167091+01
13	auth	0008_alter_user_username_max_length	2025-07-23 01:34:32.185742+01
14	auth	0009_alter_user_last_name_max_length	2025-07-23 01:34:32.193419+01
15	auth	0010_alter_group_name_max_length	2025-07-23 01:34:32.199909+01
16	auth	0011_update_proxy_permissions	2025-07-23 01:34:32.205865+01
17	auth	0012_alter_user_first_name_max_length	2025-07-23 01:34:32.212168+01
18	sessions	0001_initial	2025-07-23 01:34:32.2277+01
19	bibliothèque	0001_initial	2025-07-23 11:08:36.042634+01
20	bibliothèque	0002_livre_categorie	2025-07-23 11:53:01.867005+01
21	bibliotheque	0001_initial	2025-07-29 23:56:52.485717+01
22	comptes	0001_initial	2025-08-03 18:20:31.246964+01
23	comptes	0002_remove_profilbibliotheque_date_inscription_and_more	2025-08-03 18:20:31.333298+01
\.


--
-- TOC entry 5081 (class 0 OID 24714)
-- Dependencies: 233
-- Data for Name: django_session; Type: TABLE DATA; Schema: public; Owner: postgres
--

COPY public.django_session (session_key, session_data, expire_date) FROM stdin;
pttye0wxs8626y6jw74hh5b8sioas20h	.eJxVjM0OwiAQhN-FsyHyIxSP3vsMZNldpGogKe3J-O62SQ96nPm-mbeIsC4lrp3nOJG4CiVOv10CfHLdAT2g3pvEVpd5SnJX5EG7HBvx63a4fwcFetnWaNFlk4OhROfsFTOC9ohbSgQB2bkLqRS09QMaGwyzHoLKylPG5LX4fAEhwDkr:1ueNeI:2JlPnxLiQNqM-0vp2IWY-X2oss-fOj-k8NNluicwTQk	2025-08-06 01:47:58.037551+01
\.


--
-- TOC entry 5103 (class 0 OID 0)
-- Dependencies: 221
-- Name: auth_group_id_seq; Type: SEQUENCE SET; Schema: public; Owner: postgres
--

SELECT pg_catalog.setval('public.auth_group_id_seq', 1, false);


--
-- TOC entry 5104 (class 0 OID 0)
-- Dependencies: 223
-- Name: auth_group_permissions_id_seq; Type: SEQUENCE SET; Schema: public; Owner: postgres
--

SELECT pg_catalog.setval('public.auth_group_permissions_id_seq', 1, false);


--
-- TOC entry 5105 (class 0 OID 0)
-- Dependencies: 219
-- Name: auth_permission_id_seq; Type: SEQUENCE SET; Schema: public; Owner: postgres
--

SELECT pg_catalog.setval('public.auth_permission_id_seq', 48, true);


--
-- TOC entry 5106 (class 0 OID 0)
-- Dependencies: 227
-- Name: auth_user_groups_id_seq; Type: SEQUENCE SET; Schema: public; Owner: postgres
--

SELECT pg_catalog.setval('public.auth_user_groups_id_seq', 1, false);


--
-- TOC entry 5107 (class 0 OID 0)
-- Dependencies: 225
-- Name: auth_user_id_seq; Type: SEQUENCE SET; Schema: public; Owner: postgres
--

SELECT pg_catalog.setval('public.auth_user_id_seq', 10, true);


--
-- TOC entry 5108 (class 0 OID 0)
-- Dependencies: 229
-- Name: auth_user_user_permissions_id_seq; Type: SEQUENCE SET; Schema: public; Owner: postgres
--

SELECT pg_catalog.setval('public.auth_user_user_permissions_id_seq', 1, false);


--
-- TOC entry 5109 (class 0 OID 0)
-- Dependencies: 238
-- Name: bibliotheque_categorie_id_seq; Type: SEQUENCE SET; Schema: public; Owner: postgres
--

SELECT pg_catalog.setval('public.bibliotheque_categorie_id_seq', 3, true);


--
-- TOC entry 5110 (class 0 OID 0)
-- Dependencies: 240
-- Name: bibliotheque_livre_id_seq; Type: SEQUENCE SET; Schema: public; Owner: postgres
--

SELECT pg_catalog.setval('public.bibliotheque_livre_id_seq', 7, true);


--
-- TOC entry 5111 (class 0 OID 0)
-- Dependencies: 234
-- Name: bibliothèque_categorie_id_seq; Type: SEQUENCE SET; Schema: public; Owner: postgres
--

SELECT pg_catalog.setval('public."bibliothèque_categorie_id_seq"', 14, true);


--
-- TOC entry 5112 (class 0 OID 0)
-- Dependencies: 236
-- Name: bibliothèque_livre_id_seq; Type: SEQUENCE SET; Schema: public; Owner: postgres
--

SELECT pg_catalog.setval('public."bibliothèque_livre_id_seq"', 10, true);


--
-- TOC entry 5113 (class 0 OID 0)
-- Dependencies: 248
-- Name: comptes_profilbibliotheque_id_seq; Type: SEQUENCE SET; Schema: public; Owner: postgres
--

SELECT pg_catalog.setval('public.comptes_profilbibliotheque_id_seq', 7, true);


--
-- TOC entry 5114 (class 0 OID 0)
-- Dependencies: 244
-- Name: comptes_usager_groups_id_seq; Type: SEQUENCE SET; Schema: public; Owner: postgres
--

SELECT pg_catalog.setval('public.comptes_usager_groups_id_seq', 1, false);


--
-- TOC entry 5115 (class 0 OID 0)
-- Dependencies: 242
-- Name: comptes_usager_id_seq; Type: SEQUENCE SET; Schema: public; Owner: postgres
--

SELECT pg_catalog.setval('public.comptes_usager_id_seq', 1, false);


--
-- TOC entry 5116 (class 0 OID 0)
-- Dependencies: 246
-- Name: comptes_usager_user_permissions_id_seq; Type: SEQUENCE SET; Schema: public; Owner: postgres
--

SELECT pg_catalog.setval('public.comptes_usager_user_permissions_id_seq', 1, false);


--
-- TOC entry 5117 (class 0 OID 0)
-- Dependencies: 231
-- Name: django_admin_log_id_seq; Type: SEQUENCE SET; Schema: public; Owner: postgres
--

SELECT pg_catalog.setval('public.django_admin_log_id_seq', 18, true);


--
-- TOC entry 5118 (class 0 OID 0)
-- Dependencies: 217
-- Name: django_content_type_id_seq; Type: SEQUENCE SET; Schema: public; Owner: postgres
--

SELECT pg_catalog.setval('public.django_content_type_id_seq', 12, true);


--
-- TOC entry 5119 (class 0 OID 0)
-- Dependencies: 215
-- Name: django_migrations_id_seq; Type: SEQUENCE SET; Schema: public; Owner: postgres
--

SELECT pg_catalog.setval('public.django_migrations_id_seq', 23, true);


--
-- TOC entry 4833 (class 2606 OID 24712)
-- Name: auth_group auth_group_name_key; Type: CONSTRAINT; Schema: public; Owner: postgres
--

ALTER TABLE ONLY public.auth_group
    ADD CONSTRAINT auth_group_name_key UNIQUE (name);


--
-- TOC entry 4838 (class 2606 OID 24643)
-- Name: auth_group_permissions auth_group_permissions_group_id_permission_id_0cd325b0_uniq; Type: CONSTRAINT; Schema: public; Owner: postgres
--

ALTER TABLE ONLY public.auth_group_permissions
    ADD CONSTRAINT auth_group_permissions_group_id_permission_id_0cd325b0_uniq UNIQUE (group_id, permission_id);


--
-- TOC entry 4841 (class 2606 OID 24612)
-- Name: auth_group_permissions auth_group_permissions_pkey; Type: CONSTRAINT; Schema: public; Owner: postgres
--

ALTER TABLE ONLY public.auth_group_permissions
    ADD CONSTRAINT auth_group_permissions_pkey PRIMARY KEY (id);


--
-- TOC entry 4835 (class 2606 OID 24604)
-- Name: auth_group auth_group_pkey; Type: CONSTRAINT; Schema: public; Owner: postgres
--

ALTER TABLE ONLY public.auth_group
    ADD CONSTRAINT auth_group_pkey PRIMARY KEY (id);


--
-- TOC entry 4828 (class 2606 OID 24634)
-- Name: auth_permission auth_permission_content_type_id_codename_01ab375a_uniq; Type: CONSTRAINT; Schema: public; Owner: postgres
--

ALTER TABLE ONLY public.auth_permission
    ADD CONSTRAINT auth_permission_content_type_id_codename_01ab375a_uniq UNIQUE (content_type_id, codename);


--
-- TOC entry 4830 (class 2606 OID 24598)
-- Name: auth_permission auth_permission_pkey; Type: CONSTRAINT; Schema: public; Owner: postgres
--

ALTER TABLE ONLY public.auth_permission
    ADD CONSTRAINT auth_permission_pkey PRIMARY KEY (id);


--
-- TOC entry 4849 (class 2606 OID 24626)
-- Name: auth_user_groups auth_user_groups_pkey; Type: CONSTRAINT; Schema: public; Owner: postgres
--

ALTER TABLE ONLY public.auth_user_groups
    ADD CONSTRAINT auth_user_groups_pkey PRIMARY KEY (id);


--
-- TOC entry 4852 (class 2606 OID 24658)
-- Name: auth_user_groups auth_user_groups_user_id_group_id_94350c0c_uniq; Type: CONSTRAINT; Schema: public; Owner: postgres
--

ALTER TABLE ONLY public.auth_user_groups
    ADD CONSTRAINT auth_user_groups_user_id_group_id_94350c0c_uniq UNIQUE (user_id, group_id);


--
-- TOC entry 4843 (class 2606 OID 24618)
-- Name: auth_user auth_user_pkey; Type: CONSTRAINT; Schema: public; Owner: postgres
--

ALTER TABLE ONLY public.auth_user
    ADD CONSTRAINT auth_user_pkey PRIMARY KEY (id);


--
-- TOC entry 4855 (class 2606 OID 24632)
-- Name: auth_user_user_permissions auth_user_user_permissions_pkey; Type: CONSTRAINT; Schema: public; Owner: postgres
--

ALTER TABLE ONLY public.auth_user_user_permissions
    ADD CONSTRAINT auth_user_user_permissions_pkey PRIMARY KEY (id);


--
-- TOC entry 4858 (class 2606 OID 24672)
-- Name: auth_user_user_permissions auth_user_user_permissions_user_id_permission_id_14a6b632_uniq; Type: CONSTRAINT; Schema: public; Owner: postgres
--

ALTER TABLE ONLY public.auth_user_user_permissions
    ADD CONSTRAINT auth_user_user_permissions_user_id_permission_id_14a6b632_uniq UNIQUE (user_id, permission_id);


--
-- TOC entry 4846 (class 2606 OID 24707)
-- Name: auth_user auth_user_username_key; Type: CONSTRAINT; Schema: public; Owner: postgres
--

ALTER TABLE ONLY public.auth_user
    ADD CONSTRAINT auth_user_username_key UNIQUE (username);


--
-- TOC entry 4876 (class 2606 OID 24751)
-- Name: bibliotheque_categorie bibliotheque_categorie_pkey; Type: CONSTRAINT; Schema: public; Owner: postgres
--

ALTER TABLE ONLY public.bibliotheque_categorie
    ADD CONSTRAINT bibliotheque_categorie_pkey PRIMARY KEY (id);


--
-- TOC entry 4880 (class 2606 OID 24761)
-- Name: bibliotheque_livre bibliotheque_livre_numero_inventaire_key; Type: CONSTRAINT; Schema: public; Owner: postgres
--

ALTER TABLE ONLY public.bibliotheque_livre
    ADD CONSTRAINT bibliotheque_livre_numero_inventaire_key UNIQUE (numero_inventaire);


--
-- TOC entry 4882 (class 2606 OID 24759)
-- Name: bibliotheque_livre bibliotheque_livre_pkey; Type: CONSTRAINT; Schema: public; Owner: postgres
--

ALTER TABLE ONLY public.bibliotheque_livre
    ADD CONSTRAINT bibliotheque_livre_pkey PRIMARY KEY (id);


--
-- TOC entry 4868 (class 2606 OID 24728)
-- Name: bibliothèque_categorie bibliothèque_categorie_pkey; Type: CONSTRAINT; Schema: public; Owner: postgres
--

ALTER TABLE ONLY public."bibliothèque_categorie"
    ADD CONSTRAINT "bibliothèque_categorie_pkey" PRIMARY KEY (id);


--
-- TOC entry 4872 (class 2606 OID 24738)
-- Name: bibliothèque_livre bibliothèque_livre_numero_inventaire_key; Type: CONSTRAINT; Schema: public; Owner: postgres
--

ALTER TABLE ONLY public."bibliothèque_livre"
    ADD CONSTRAINT "bibliothèque_livre_numero_inventaire_key" UNIQUE (numero_inventaire);


--
-- TOC entry 4874 (class 2606 OID 24736)
-- Name: bibliothèque_livre bibliothèque_livre_pkey; Type: CONSTRAINT; Schema: public; Owner: postgres
--

ALTER TABLE ONLY public."bibliothèque_livre"
    ADD CONSTRAINT "bibliothèque_livre_pkey" PRIMARY KEY (id);


--
-- TOC entry 4901 (class 2606 OID 24799)
-- Name: comptes_profilbibliotheque comptes_profilbibliotheque_pkey; Type: CONSTRAINT; Schema: public; Owner: postgres
--

ALTER TABLE ONLY public.comptes_profilbibliotheque
    ADD CONSTRAINT comptes_profilbibliotheque_pkey PRIMARY KEY (id);


--
-- TOC entry 4903 (class 2606 OID 24803)
-- Name: comptes_profilbibliotheque comptes_profilbibliotheque_utilisateur_id_key; Type: CONSTRAINT; Schema: public; Owner: postgres
--

ALTER TABLE ONLY public.comptes_profilbibliotheque
    ADD CONSTRAINT comptes_profilbibliotheque_utilisateur_id_key UNIQUE (utilisateur_id);


--
-- TOC entry 4890 (class 2606 OID 24785)
-- Name: comptes_usager_groups comptes_usager_groups_pkey; Type: CONSTRAINT; Schema: public; Owner: postgres
--

ALTER TABLE ONLY public.comptes_usager_groups
    ADD CONSTRAINT comptes_usager_groups_pkey PRIMARY KEY (id);


--
-- TOC entry 4893 (class 2606 OID 24806)
-- Name: comptes_usager_groups comptes_usager_groups_usager_id_group_id_f8bf7419_uniq; Type: CONSTRAINT; Schema: public; Owner: postgres
--

ALTER TABLE ONLY public.comptes_usager_groups
    ADD CONSTRAINT comptes_usager_groups_usager_id_group_id_f8bf7419_uniq UNIQUE (usager_id, group_id);


--
-- TOC entry 4884 (class 2606 OID 24777)
-- Name: comptes_usager comptes_usager_pkey; Type: CONSTRAINT; Schema: public; Owner: postgres
--

ALTER TABLE ONLY public.comptes_usager
    ADD CONSTRAINT comptes_usager_pkey PRIMARY KEY (id);


--
-- TOC entry 4895 (class 2606 OID 24820)
-- Name: comptes_usager_user_permissions comptes_usager_user_perm_usager_id_permission_id_f29c104e_uniq; Type: CONSTRAINT; Schema: public; Owner: postgres
--

ALTER TABLE ONLY public.comptes_usager_user_permissions
    ADD CONSTRAINT comptes_usager_user_perm_usager_id_permission_id_f29c104e_uniq UNIQUE (usager_id, permission_id);


--
-- TOC entry 4898 (class 2606 OID 24791)
-- Name: comptes_usager_user_permissions comptes_usager_user_permissions_pkey; Type: CONSTRAINT; Schema: public; Owner: postgres
--

ALTER TABLE ONLY public.comptes_usager_user_permissions
    ADD CONSTRAINT comptes_usager_user_permissions_pkey PRIMARY KEY (id);


--
-- TOC entry 4887 (class 2606 OID 24779)
-- Name: comptes_usager comptes_usager_username_key; Type: CONSTRAINT; Schema: public; Owner: postgres
--

ALTER TABLE ONLY public.comptes_usager
    ADD CONSTRAINT comptes_usager_username_key UNIQUE (username);


--
-- TOC entry 4861 (class 2606 OID 24693)
-- Name: django_admin_log django_admin_log_pkey; Type: CONSTRAINT; Schema: public; Owner: postgres
--

ALTER TABLE ONLY public.django_admin_log
    ADD CONSTRAINT django_admin_log_pkey PRIMARY KEY (id);


--
-- TOC entry 4823 (class 2606 OID 24592)
-- Name: django_content_type django_content_type_app_label_model_76bd3d3b_uniq; Type: CONSTRAINT; Schema: public; Owner: postgres
--

ALTER TABLE ONLY public.django_content_type
    ADD CONSTRAINT django_content_type_app_label_model_76bd3d3b_uniq UNIQUE (app_label, model);


--
-- TOC entry 4825 (class 2606 OID 24590)
-- Name: django_content_type django_content_type_pkey; Type: CONSTRAINT; Schema: public; Owner: postgres
--

ALTER TABLE ONLY public.django_content_type
    ADD CONSTRAINT django_content_type_pkey PRIMARY KEY (id);


--
-- TOC entry 4821 (class 2606 OID 24584)
-- Name: django_migrations django_migrations_pkey; Type: CONSTRAINT; Schema: public; Owner: postgres
--

ALTER TABLE ONLY public.django_migrations
    ADD CONSTRAINT django_migrations_pkey PRIMARY KEY (id);


--
-- TOC entry 4865 (class 2606 OID 24720)
-- Name: django_session django_session_pkey; Type: CONSTRAINT; Schema: public; Owner: postgres
--

ALTER TABLE ONLY public.django_session
    ADD CONSTRAINT django_session_pkey PRIMARY KEY (session_key);


--
-- TOC entry 4831 (class 1259 OID 24713)
-- Name: auth_group_name_a6ea08ec_like; Type: INDEX; Schema: public; Owner: postgres
--

CREATE INDEX auth_group_name_a6ea08ec_like ON public.auth_group USING btree (name varchar_pattern_ops);


--
-- TOC entry 4836 (class 1259 OID 24654)
-- Name: auth_group_permissions_group_id_b120cbf9; Type: INDEX; Schema: public; Owner: postgres
--

CREATE INDEX auth_group_permissions_group_id_b120cbf9 ON public.auth_group_permissions USING btree (group_id);


--
-- TOC entry 4839 (class 1259 OID 24655)
-- Name: auth_group_permissions_permission_id_84c5c92e; Type: INDEX; Schema: public; Owner: postgres
--

CREATE INDEX auth_group_permissions_permission_id_84c5c92e ON public.auth_group_permissions USING btree (permission_id);


--
-- TOC entry 4826 (class 1259 OID 24640)
-- Name: auth_permission_content_type_id_2f476e4b; Type: INDEX; Schema: public; Owner: postgres
--

CREATE INDEX auth_permission_content_type_id_2f476e4b ON public.auth_permission USING btree (content_type_id);


--
-- TOC entry 4847 (class 1259 OID 24670)
-- Name: auth_user_groups_group_id_97559544; Type: INDEX; Schema: public; Owner: postgres
--

CREATE INDEX auth_user_groups_group_id_97559544 ON public.auth_user_groups USING btree (group_id);


--
-- TOC entry 4850 (class 1259 OID 24669)
-- Name: auth_user_groups_user_id_6a12ed8b; Type: INDEX; Schema: public; Owner: postgres
--

CREATE INDEX auth_user_groups_user_id_6a12ed8b ON public.auth_user_groups USING btree (user_id);


--
-- TOC entry 4853 (class 1259 OID 24684)
-- Name: auth_user_user_permissions_permission_id_1fbb5f2c; Type: INDEX; Schema: public; Owner: postgres
--

CREATE INDEX auth_user_user_permissions_permission_id_1fbb5f2c ON public.auth_user_user_permissions USING btree (permission_id);


--
-- TOC entry 4856 (class 1259 OID 24683)
-- Name: auth_user_user_permissions_user_id_a95ead1b; Type: INDEX; Schema: public; Owner: postgres
--

CREATE INDEX auth_user_user_permissions_user_id_a95ead1b ON public.auth_user_user_permissions USING btree (user_id);


--
-- TOC entry 4844 (class 1259 OID 24708)
-- Name: auth_user_username_6821ab7c_like; Type: INDEX; Schema: public; Owner: postgres
--

CREATE INDEX auth_user_username_6821ab7c_like ON public.auth_user USING btree (username varchar_pattern_ops);


--
-- TOC entry 4877 (class 1259 OID 24768)
-- Name: bibliotheque_livre_categorie_id_8cba2cf1; Type: INDEX; Schema: public; Owner: postgres
--

CREATE INDEX bibliotheque_livre_categorie_id_8cba2cf1 ON public.bibliotheque_livre USING btree (categorie_id);


--
-- TOC entry 4878 (class 1259 OID 24767)
-- Name: bibliotheque_livre_numero_inventaire_e46d7ead_like; Type: INDEX; Schema: public; Owner: postgres
--

CREATE INDEX bibliotheque_livre_numero_inventaire_e46d7ead_like ON public.bibliotheque_livre USING btree (numero_inventaire varchar_pattern_ops);


--
-- TOC entry 4869 (class 1259 OID 24745)
-- Name: bibliothèque_livre_categorie_id_ebe7b4ba; Type: INDEX; Schema: public; Owner: postgres
--

CREATE INDEX "bibliothèque_livre_categorie_id_ebe7b4ba" ON public."bibliothèque_livre" USING btree (categorie_id);


--
-- TOC entry 4870 (class 1259 OID 24739)
-- Name: bibliothèque_livre_numero_inventaire_31bcb835_like; Type: INDEX; Schema: public; Owner: postgres
--

CREATE INDEX "bibliothèque_livre_numero_inventaire_31bcb835_like" ON public."bibliothèque_livre" USING btree (numero_inventaire varchar_pattern_ops);


--
-- TOC entry 4888 (class 1259 OID 24818)
-- Name: comptes_usager_groups_group_id_921adf85; Type: INDEX; Schema: public; Owner: postgres
--

CREATE INDEX comptes_usager_groups_group_id_921adf85 ON public.comptes_usager_groups USING btree (group_id);


--
-- TOC entry 4891 (class 1259 OID 24817)
-- Name: comptes_usager_groups_usager_id_d8ca316c; Type: INDEX; Schema: public; Owner: postgres
--

CREATE INDEX comptes_usager_groups_usager_id_d8ca316c ON public.comptes_usager_groups USING btree (usager_id);


--
-- TOC entry 4896 (class 1259 OID 24832)
-- Name: comptes_usager_user_permissions_permission_id_61c67991; Type: INDEX; Schema: public; Owner: postgres
--

CREATE INDEX comptes_usager_user_permissions_permission_id_61c67991 ON public.comptes_usager_user_permissions USING btree (permission_id);


--
-- TOC entry 4899 (class 1259 OID 24831)
-- Name: comptes_usager_user_permissions_usager_id_7a657026; Type: INDEX; Schema: public; Owner: postgres
--

CREATE INDEX comptes_usager_user_permissions_usager_id_7a657026 ON public.comptes_usager_user_permissions USING btree (usager_id);


--
-- TOC entry 4885 (class 1259 OID 24804)
-- Name: comptes_usager_username_f66e6b8b_like; Type: INDEX; Schema: public; Owner: postgres
--

CREATE INDEX comptes_usager_username_f66e6b8b_like ON public.comptes_usager USING btree (username varchar_pattern_ops);


--
-- TOC entry 4859 (class 1259 OID 24704)
-- Name: django_admin_log_content_type_id_c4bce8eb; Type: INDEX; Schema: public; Owner: postgres
--

CREATE INDEX django_admin_log_content_type_id_c4bce8eb ON public.django_admin_log USING btree (content_type_id);


--
-- TOC entry 4862 (class 1259 OID 24705)
-- Name: django_admin_log_user_id_c564eba6; Type: INDEX; Schema: public; Owner: postgres
--

CREATE INDEX django_admin_log_user_id_c564eba6 ON public.django_admin_log USING btree (user_id);


--
-- TOC entry 4863 (class 1259 OID 24722)
-- Name: django_session_expire_date_a5c62663; Type: INDEX; Schema: public; Owner: postgres
--

CREATE INDEX django_session_expire_date_a5c62663 ON public.django_session USING btree (expire_date);


--
-- TOC entry 4866 (class 1259 OID 24721)
-- Name: django_session_session_key_c0390e0f_like; Type: INDEX; Schema: public; Owner: postgres
--

CREATE INDEX django_session_session_key_c0390e0f_like ON public.django_session USING btree (session_key varchar_pattern_ops);


--
-- TOC entry 4905 (class 2606 OID 24649)
-- Name: auth_group_permissions auth_group_permissio_permission_id_84c5c92e_fk_auth_perm; Type: FK CONSTRAINT; Schema: public; Owner: postgres
--

ALTER TABLE ONLY public.auth_group_permissions
    ADD CONSTRAINT auth_group_permissio_permission_id_84c5c92e_fk_auth_perm FOREIGN KEY (permission_id) REFERENCES public.auth_permission(id) DEFERRABLE INITIALLY DEFERRED;


--
-- TOC entry 4906 (class 2606 OID 24644)
-- Name: auth_group_permissions auth_group_permissions_group_id_b120cbf9_fk_auth_group_id; Type: FK CONSTRAINT; Schema: public; Owner: postgres
--

ALTER TABLE ONLY public.auth_group_permissions
    ADD CONSTRAINT auth_group_permissions_group_id_b120cbf9_fk_auth_group_id FOREIGN KEY (group_id) REFERENCES public.auth_group(id) DEFERRABLE INITIALLY DEFERRED;


--
-- TOC entry 4904 (class 2606 OID 24635)
-- Name: auth_permission auth_permission_content_type_id_2f476e4b_fk_django_co; Type: FK CONSTRAINT; Schema: public; Owner: postgres
--

ALTER TABLE ONLY public.auth_permission
    ADD CONSTRAINT auth_permission_content_type_id_2f476e4b_fk_django_co FOREIGN KEY (content_type_id) REFERENCES public.django_content_type(id) DEFERRABLE INITIALLY DEFERRED;


--
-- TOC entry 4907 (class 2606 OID 24664)
-- Name: auth_user_groups auth_user_groups_group_id_97559544_fk_auth_group_id; Type: FK CONSTRAINT; Schema: public; Owner: postgres
--

ALTER TABLE ONLY public.auth_user_groups
    ADD CONSTRAINT auth_user_groups_group_id_97559544_fk_auth_group_id FOREIGN KEY (group_id) REFERENCES public.auth_group(id) DEFERRABLE INITIALLY DEFERRED;


--
-- TOC entry 4908 (class 2606 OID 24659)
-- Name: auth_user_groups auth_user_groups_user_id_6a12ed8b_fk_auth_user_id; Type: FK CONSTRAINT; Schema: public; Owner: postgres
--

ALTER TABLE ONLY public.auth_user_groups
    ADD CONSTRAINT auth_user_groups_user_id_6a12ed8b_fk_auth_user_id FOREIGN KEY (user_id) REFERENCES public.auth_user(id) DEFERRABLE INITIALLY DEFERRED;


--
-- TOC entry 4909 (class 2606 OID 24678)
-- Name: auth_user_user_permissions auth_user_user_permi_permission_id_1fbb5f2c_fk_auth_perm; Type: FK CONSTRAINT; Schema: public; Owner: postgres
--

ALTER TABLE ONLY public.auth_user_user_permissions
    ADD CONSTRAINT auth_user_user_permi_permission_id_1fbb5f2c_fk_auth_perm FOREIGN KEY (permission_id) REFERENCES public.auth_permission(id) DEFERRABLE INITIALLY DEFERRED;


--
-- TOC entry 4910 (class 2606 OID 24673)
-- Name: auth_user_user_permissions auth_user_user_permissions_user_id_a95ead1b_fk_auth_user_id; Type: FK CONSTRAINT; Schema: public; Owner: postgres
--

ALTER TABLE ONLY public.auth_user_user_permissions
    ADD CONSTRAINT auth_user_user_permissions_user_id_a95ead1b_fk_auth_user_id FOREIGN KEY (user_id) REFERENCES public.auth_user(id) DEFERRABLE INITIALLY DEFERRED;


--
-- TOC entry 4914 (class 2606 OID 24762)
-- Name: bibliotheque_livre bibliotheque_livre_categorie_id_8cba2cf1_fk_bibliothe; Type: FK CONSTRAINT; Schema: public; Owner: postgres
--

ALTER TABLE ONLY public.bibliotheque_livre
    ADD CONSTRAINT bibliotheque_livre_categorie_id_8cba2cf1_fk_bibliothe FOREIGN KEY (categorie_id) REFERENCES public.bibliotheque_categorie(id) DEFERRABLE INITIALLY DEFERRED;


--
-- TOC entry 4913 (class 2606 OID 24740)
-- Name: bibliothèque_livre bibliothèque_livre_categorie_id_ebe7b4ba_fk_bibliothè; Type: FK CONSTRAINT; Schema: public; Owner: postgres
--

ALTER TABLE ONLY public."bibliothèque_livre"
    ADD CONSTRAINT "bibliothèque_livre_categorie_id_ebe7b4ba_fk_bibliothè" FOREIGN KEY (categorie_id) REFERENCES public."bibliothèque_categorie"(id) DEFERRABLE INITIALLY DEFERRED;


--
-- TOC entry 4919 (class 2606 OID 24833)
-- Name: comptes_profilbibliotheque comptes_profilbiblio_utilisateur_id_4ba9205b_fk_auth_user; Type: FK CONSTRAINT; Schema: public; Owner: postgres
--

ALTER TABLE ONLY public.comptes_profilbibliotheque
    ADD CONSTRAINT comptes_profilbiblio_utilisateur_id_4ba9205b_fk_auth_user FOREIGN KEY (utilisateur_id) REFERENCES public.auth_user(id) DEFERRABLE INITIALLY DEFERRED;


--
-- TOC entry 4915 (class 2606 OID 24812)
-- Name: comptes_usager_groups comptes_usager_groups_group_id_921adf85_fk_auth_group_id; Type: FK CONSTRAINT; Schema: public; Owner: postgres
--

ALTER TABLE ONLY public.comptes_usager_groups
    ADD CONSTRAINT comptes_usager_groups_group_id_921adf85_fk_auth_group_id FOREIGN KEY (group_id) REFERENCES public.auth_group(id) DEFERRABLE INITIALLY DEFERRED;


--
-- TOC entry 4916 (class 2606 OID 24807)
-- Name: comptes_usager_groups comptes_usager_groups_usager_id_d8ca316c_fk_comptes_usager_id; Type: FK CONSTRAINT; Schema: public; Owner: postgres
--

ALTER TABLE ONLY public.comptes_usager_groups
    ADD CONSTRAINT comptes_usager_groups_usager_id_d8ca316c_fk_comptes_usager_id FOREIGN KEY (usager_id) REFERENCES public.comptes_usager(id) DEFERRABLE INITIALLY DEFERRED;


--
-- TOC entry 4917 (class 2606 OID 24826)
-- Name: comptes_usager_user_permissions comptes_usager_user__permission_id_61c67991_fk_auth_perm; Type: FK CONSTRAINT; Schema: public; Owner: postgres
--

ALTER TABLE ONLY public.comptes_usager_user_permissions
    ADD CONSTRAINT comptes_usager_user__permission_id_61c67991_fk_auth_perm FOREIGN KEY (permission_id) REFERENCES public.auth_permission(id) DEFERRABLE INITIALLY DEFERRED;


--
-- TOC entry 4918 (class 2606 OID 24821)
-- Name: comptes_usager_user_permissions comptes_usager_user__usager_id_7a657026_fk_comptes_u; Type: FK CONSTRAINT; Schema: public; Owner: postgres
--

ALTER TABLE ONLY public.comptes_usager_user_permissions
    ADD CONSTRAINT comptes_usager_user__usager_id_7a657026_fk_comptes_u FOREIGN KEY (usager_id) REFERENCES public.comptes_usager(id) DEFERRABLE INITIALLY DEFERRED;


--
-- TOC entry 4911 (class 2606 OID 24694)
-- Name: django_admin_log django_admin_log_content_type_id_c4bce8eb_fk_django_co; Type: FK CONSTRAINT; Schema: public; Owner: postgres
--

ALTER TABLE ONLY public.django_admin_log
    ADD CONSTRAINT django_admin_log_content_type_id_c4bce8eb_fk_django_co FOREIGN KEY (content_type_id) REFERENCES public.django_content_type(id) DEFERRABLE INITIALLY DEFERRED;


--
-- TOC entry 4912 (class 2606 OID 24699)
-- Name: django_admin_log django_admin_log_user_id_c564eba6_fk_auth_user_id; Type: FK CONSTRAINT; Schema: public; Owner: postgres
--

ALTER TABLE ONLY public.django_admin_log
    ADD CONSTRAINT django_admin_log_user_id_c564eba6_fk_auth_user_id FOREIGN KEY (user_id) REFERENCES public.auth_user(id) DEFERRABLE INITIALLY DEFERRED;


-- Completed on 2025-08-08 13:24:44

--
-- PostgreSQL database dump complete
--

